﻿<?xml version="1.0" encoding="utf-8"?>
<Employees>
  <Employee>
    <EmpId>1</EmpId>
    <EmpName>Siddaramaih</EmpName>
    <EmpAddress>Vizag</EmpAddress>
    <EmpSalary>27829</EmpSalary>
    <DeptId>1</DeptId>
  </Employee>
  <Employee>
    <EmpId>2</EmpId>
    <EmpName>Hucha Venkat</EmpName>
    <EmpAddress>Chennai</EmpAddress>
    <EmpSalary>66926</EmpSalary>
    <DeptId>3</DeptId>
  </Employee>
  <Employee>
    <EmpId>3</EmpId>
    <EmpName>Thirpe Sundara</EmpName>
    <EmpAddress>Mumbai</EmpAddress>
    <EmpSalary>62206</EmpSalary>
    <DeptId>5</DeptId>
  </Employee>
  <Employee>
    <EmpId>4</EmpId>
    <EmpName>Rajivalochana</EmpName>
    <EmpAddress>Vijayawada</EmpAddress>
    <EmpSalary>32428</EmpSalary>
    <DeptId>6</DeptId>
  </Employee>
  <Employee>
    <EmpId>5</EmpId>
    <EmpName>Sameer Gowda</EmpName>
    <EmpAddress>Nagpur</EmpAddress>
    <EmpSalary>32766</EmpSalary>
    <DeptId>5</DeptId>
  </Employee>
  <Employee>
    <EmpId>6</EmpId>
    <EmpName>Subramani</EmpName>
    <EmpAddress>Mysore</EmpAddress>
    <EmpSalary>68746</EmpSalary>
    <DeptId>1</DeptId>
  </Employee>
  <Employee>
    <EmpId>7</EmpId>
    <EmpName>Sunil Walkade</EmpName>
    <EmpAddress>Mumbai</EmpAddress>
    <EmpSalary>47085</EmpSalary>
    <DeptId>2</DeptId>
  </Employee>
  <Employee>
    <EmpId>8</EmpId>
    <EmpName>Rochan Mishra</EmpName>
    <EmpAddress>Lucknow</EmpAddress>
    <EmpSalary>29073</EmpSalary>
    <DeptId>6</DeptId>
  </Employee>
  <Employee>
    <EmpId>9</EmpId>
    <EmpName>Parthasarathi</EmpName>
    <EmpAddress>Madurai</EmpAddress>
    <EmpSalary>29514</EmpSalary>
    <DeptId>1</DeptId>
  </Employee>
  <Employee>
    <EmpId>10</EmpId>
    <EmpName>Sachin Kedkar</EmpName>
    <EmpAddress>Mumbai</EmpAddress>
    <EmpSalary>60952</EmpSalary>
    <DeptId>2</DeptId>
  </Employee>
  <Employee>
    <EmpId>11</EmpId>
    <EmpName>Anasuya Ramalingam</EmpName>
    <EmpAddress>Trichy</EmpAddress>
    <EmpSalary>82202</EmpSalary>
    <DeptId>6</DeptId>
  </Employee>
  <Employee>
    <EmpId>12</EmpId>
    <EmpName>Shruthi Menon</EmpName>
    <EmpAddress>Trivandrum</EmpAddress>
    <EmpSalary>24498</EmpSalary>
    <DeptId>5</DeptId>
  </Employee>
  <Employee>
    <EmpId>13</EmpId>
    <EmpName>Vinod Kamble</EmpName>
    <EmpAddress>Nagpur</EmpAddress>
    <EmpSalary>72322</EmpSalary>
    <DeptId>2</DeptId>
  </Employee>
  <Employee>
    <EmpId>14</EmpId>
    <EmpName>Keshav Wadekar</EmpName>
    <EmpAddress>Pune</EmpAddress>
    <EmpSalary>81180</EmpSalary>
    <DeptId>4</DeptId>
  </Employee>
  <Employee>
    <EmpId>15</EmpId>
    <EmpName>Muthukumaran</EmpName>
    <EmpAddress>Chennai</EmpAddress>
    <EmpSalary>85206</EmpSalary>
    <DeptId>4</DeptId>
  </Employee>
  <Employee>
    <EmpId>16</EmpId>
    <EmpName>Pavan Kumar</EmpName>
    <EmpAddress>Vizag</EmpAddress>
    <EmpSalary>88723</EmpSalary>
    <DeptId>4</DeptId>
  </Employee>
  <Employee>
    <EmpId>17</EmpId>
    <EmpName>Lakshman Gowda</EmpName>
    <EmpAddress>Mysore</EmpAddress>
    <EmpSalary>18399</EmpSalary>
    <DeptId>1</DeptId>
  </Employee>
  <Employee>
    <EmpId>18</EmpId>
    <EmpName>Sivaraman</EmpName>
    <EmpAddress>Madurai</EmpAddress>
    <EmpSalary>72337</EmpSalary>
    <DeptId>4</DeptId>
  </Employee>
  <Employee>
    <EmpId>19</EmpId>
    <EmpName>Ramanath Kamble</EmpName>
    <EmpAddress>Pune</EmpAddress>
    <EmpSalary>83258</EmpSalary>
    <DeptId>6</DeptId>
  </Employee>
  <Employee>
    <EmpId>20</EmpId>
    <EmpName>Shine Shetty</EmpName>
    <EmpAddress>Mangalore</EmpAddress>
    <EmpSalary>50369</EmpSalary>
    <DeptId>4</DeptId>
  </Employee>
  <Employee>
    <EmpId>21</EmpId>
    <EmpName>SivaKumar</EmpName>
    <EmpAddress>Pondy</EmpAddress>
    <EmpSalary>21528</EmpSalary>
    <DeptId>3</DeptId>
  </Employee>
  <Employee>
    <EmpId>22</EmpId>
    <EmpName>Ramesh Rao</EmpName>
    <EmpAddress>Bangalore</EmpAddress>
    <EmpSalary>63792</EmpSalary>
    <DeptId>2</DeptId>
  </Employee>
  <Employee>
    <EmpId>23</EmpId>
    <EmpName>karthikeyan</EmpName>
    <EmpAddress>Chennai</EmpAddress>
    <EmpSalary>23977</EmpSalary>
    <DeptId>1</DeptId>
  </Employee>
  <Employee>
    <EmpId>24</EmpId>
    <EmpName>Aishwarya Rai</EmpName>
    <EmpAddress>Mangalore</EmpAddress>
    <EmpSalary>53207</EmpSalary>
    <DeptId>6</DeptId>
  </Employee>
  <Employee>
    <EmpId>25</EmpId>
    <EmpName>Rama Rao</EmpName>
    <EmpAddress>Vijayawada</EmpAddress>
    <EmpSalary>69290</EmpSalary>
    <DeptId>5</DeptId>
  </Employee>
  <Employee>
    <EmpId>26</EmpId>
    <EmpName>Jaheel Mirza</EmpName>
    <EmpAddress>Hyderabad</EmpAddress>
    <EmpSalary>46511</EmpSalary>
    <DeptId>3</DeptId>
  </Employee>
  <Employee>
    <EmpId>27</EmpId>
    <EmpName>Shankaralinge Gowda</EmpName>
    <EmpAddress>Mysore</EmpAddress>
    <EmpSalary>38470</EmpSalary>
    <DeptId>2</DeptId>
  </Employee>
  <Employee>
    <EmpId>28</EmpId>
    <EmpName>Srujan Pandey</EmpName>
    <EmpAddress>Lucknow</EmpAddress>
    <EmpSalary>90006</EmpSalary>
    <DeptId>2</DeptId>
  </Employee>
  <Employee>
    <EmpId>29</EmpId>
    <EmpName>Prajwal Bhat</EmpName>
    <EmpAddress>Mangalore</EmpAddress>
    <EmpSalary>60996</EmpSalary>
    <DeptId>4</DeptId>
  </Employee>
  <Employee>
    <EmpId>30</EmpId>
    <EmpName>Rakesh Sulibhavi</EmpName>
    <EmpAddress>Dharwad</EmpAddress>
    <EmpSalary>62396</EmpSalary>
    <DeptId>5</DeptId>
  </Employee>
  <Employee>
    <EmpId>31</EmpId>
    <EmpName>Ananth Shirke</EmpName>
    <EmpAddress>Pune</EmpAddress>
    <EmpSalary>43062</EmpSalary>
    <DeptId>3</DeptId>
  </Employee>
  <Employee>
    <EmpId>32</EmpId>
    <EmpName>Sukumar</EmpName>
    <EmpAddress>Mysore</EmpAddress>
    <EmpSalary>38311</EmpSalary>
    <DeptId>2</DeptId>
  </Employee>
  <Employee>
    <EmpId>33</EmpId>
    <EmpName>Kapaleeswaran</EmpName>
    <EmpAddress>Chennai</EmpAddress>
    <EmpSalary>62622</EmpSalary>
    <DeptId>6</DeptId>
  </Employee>
  <Employee>
    <EmpId>34</EmpId>
    <EmpName>Kishen Gupta</EmpName>
    <EmpAddress>Lucknow</EmpAddress>
    <EmpSalary>35488</EmpSalary>
    <DeptId>2</DeptId>
  </Employee>
  <Employee>
    <EmpId>35</EmpId>
    <EmpName>Yeshwanth Kanitkar</EmpName>
    <EmpAddress>Nagpur</EmpAddress>
    <EmpSalary>64903</EmpSalary>
    <DeptId>2</DeptId>
  </Employee>
  <Employee>
    <EmpId>36</EmpId>
    <EmpName>Nagendra Rao</EmpName>
    <EmpAddress>Bangalore</EmpAddress>
    <EmpSalary>75137</EmpSalary>
    <DeptId>6</DeptId>
  </Employee>
  <Employee>
    <EmpId>37</EmpId>
    <EmpName>Kishen Reddy</EmpName>
    <EmpAddress>Hyderabad</EmpAddress>
    <EmpSalary>15323</EmpSalary>
    <DeptId>5</DeptId>
  </Employee>
  <Employee>
    <EmpId>38</EmpId>
    <EmpName>KT Rama Rao</EmpName>
    <EmpAddress>Hyderabad</EmpAddress>
    <EmpSalary>79450</EmpSalary>
    <DeptId>2</DeptId>
  </Employee>
  <Employee>
    <EmpId>39</EmpId>
    <EmpName>B Sudheendra</EmpName>
    <EmpAddress>Bangalore</EmpAddress>
    <EmpSalary>90552</EmpSalary>
    <DeptId>6</DeptId>
  </Employee>
  <Employee>
    <EmpId>40</EmpId>
    <EmpName>Vasudev Murthy</EmpName>
    <EmpAddress>Pondy</EmpAddress>
    <EmpSalary>37107</EmpSalary>
    <DeptId>5</DeptId>
  </Employee>
  <Employee>
    <EmpId>41</EmpId>
    <EmpName>Alagarnathan</EmpName>
    <EmpAddress>Madurai</EmpAddress>
    <EmpSalary>92038</EmpSalary>
    <DeptId>6</DeptId>
  </Employee>
  <Employee>
    <EmpId>42</EmpId>
    <EmpName>Virat Manjrekar</EmpName>
    <EmpAddress>Pune</EmpAddress>
    <EmpSalary>25527</EmpSalary>
    <DeptId>4</DeptId>
  </Employee>
  <Employee>
    <EmpId>43</EmpId>
    <EmpName>Gokul Gupta</EmpName>
    <EmpAddress>Lucknow</EmpAddress>
    <EmpSalary>98016</EmpSalary>
    <DeptId>4</DeptId>
  </Employee>
  <Employee>
    <EmpId>44</EmpId>
    <EmpName>Siraj Khan</EmpName>
    <EmpAddress>Mysore</EmpAddress>
    <EmpSalary>40861</EmpSalary>
    <DeptId>3</DeptId>
  </Employee>
  <Employee>
    <EmpId>45</EmpId>
    <EmpName>Tony Flinger</EmpName>
    <EmpAddress>Pune</EmpAddress>
    <EmpSalary>31188</EmpSalary>
    <DeptId>1</DeptId>
  </Employee>
  <Employee>
    <EmpId>46</EmpId>
    <EmpName>Pinto</EmpName>
    <EmpAddress>Mangalore</EmpAddress>
    <EmpSalary>92981</EmpSalary>
    <DeptId>2</DeptId>
  </Employee>
  <Employee>
    <EmpId>47</EmpId>
    <EmpName>Anantha Kutty</EmpName>
    <EmpAddress>Kochi</EmpAddress>
    <EmpSalary>15639</EmpSalary>
    <DeptId>4</DeptId>
  </Employee>
  <Employee>
    <EmpId>48</EmpId>
    <EmpName>Ramachandran</EmpName>
    <EmpAddress>Chennai</EmpAddress>
    <EmpSalary>30865</EmpSalary>
    <DeptId>3</DeptId>
  </Employee>
  <Employee>
    <EmpId>49</EmpId>
    <EmpName>Ananth Khedkar</EmpName>
    <EmpAddress>Pune</EmpAddress>
    <EmpSalary>23896</EmpSalary>
    <DeptId>1</DeptId>
  </Employee>
  <Employee>
    <EmpId>50</EmpId>
    <EmpName>Vinay Tendulkar</EmpName>
    <EmpAddress>Pune</EmpAddress>
    <EmpSalary>42917</EmpSalary>
    <DeptId>5</DeptId>
  </Employee>
  <Employee>
    <EmpId>51</EmpId>
    <EmpName>Azauddin Owaisi</EmpName>
    <EmpAddress>Hyderabad</EmpAddress>
    <EmpSalary>85012</EmpSalary>
    <DeptId>2</DeptId>
  </Employee>
  <Employee>
    <EmpId>52</EmpId>
    <EmpName>Annadurai</EmpName>
    <EmpAddress>Madurai</EmpAddress>
    <EmpSalary>63954</EmpSalary>
    <DeptId>1</DeptId>
  </Employee>
  <Employee>
    <EmpId>53</EmpId>
    <EmpName>Lokanathan</EmpName>
    <EmpAddress>Trichy</EmpAddress>
    <EmpSalary>90981</EmpSalary>
    <DeptId>3</DeptId>
  </Employee>
  <Employee>
    <EmpId>54</EmpId>
    <EmpName>Shushanth Gowda</EmpName>
    <EmpAddress>Bangalore</EmpAddress>
    <EmpSalary>61232</EmpSalary>
    <DeptId>2</DeptId>
  </Employee>
  <Employee>
    <EmpId>55</EmpId>
    <EmpName>Mahesh Manjrekar</EmpName>
    <EmpAddress>Nagpur</EmpAddress>
    <EmpSalary>18361</EmpSalary>
    <DeptId>3</DeptId>
  </Employee>
  <Employee>
    <EmpId>56</EmpId>
    <EmpName>Venugopal Reddy</EmpName>
    <EmpAddress>Vizag</EmpAddress>
    <EmpSalary>63737</EmpSalary>
    <DeptId>5</DeptId>
  </Employee>
  <Employee>
    <EmpId>57</EmpId>
    <EmpName>Rohit Naidu</EmpName>
    <EmpAddress>Vijayawada</EmpAddress>
    <EmpSalary>26361</EmpSalary>
    <DeptId>2</DeptId>
  </Employee>
  <Employee>
    <EmpId>58</EmpId>
    <EmpName>Sukumaran Cheti</EmpName>
    <EmpAddress>Trivandrum</EmpAddress>
    <EmpSalary>92852</EmpSalary>
    <DeptId>5</DeptId>
  </Employee>
  <Employee>
    <EmpId>59</EmpId>
    <EmpName>Sundareshwaran</EmpName>
    <EmpAddress>Chennai</EmpAddress>
    <EmpSalary>90287</EmpSalary>
    <DeptId>6</DeptId>
  </Employee>
  <Employee>
    <EmpId>60</EmpId>
    <EmpName>Gopalan</EmpName>
    <EmpAddress>Chennai</EmpAddress>
    <EmpSalary>54802</EmpSalary>
    <DeptId>6</DeptId>
  </Employee>
  <Employee>
    <EmpId>61</EmpId>
    <EmpName>Sajid Khan</EmpName>
    <EmpAddress>Hyderabad</EmpAddress>
    <EmpSalary>30082</EmpSalary>
    <DeptId>5</DeptId>
  </Employee>
  <Employee>
    <EmpId>62</EmpId>
    <EmpName>Mohit Tadwe</EmpName>
    <EmpAddress>Nagpur</EmpAddress>
    <EmpSalary>16636</EmpSalary>
    <DeptId>6</DeptId>
  </Employee>
  <Employee>
    <EmpId>63</EmpId>
    <EmpName>Isha Gowda</EmpName>
    <EmpAddress>Mysore</EmpAddress>
    <EmpSalary>62191</EmpSalary>
    <DeptId>2</DeptId>
  </Employee>
  <Employee>
    <EmpId>64</EmpId>
    <EmpName>Mukundan Chettiar</EmpName>
    <EmpAddress>Pondy</EmpAddress>
    <EmpSalary>78471</EmpSalary>
    <DeptId>4</DeptId>
  </Employee>
  <Employee>
    <EmpId>65</EmpId>
    <EmpName>Ranganathan</EmpName>
    <EmpAddress>Trichy</EmpAddress>
    <EmpSalary>83114</EmpSalary>
    <DeptId>4</DeptId>
  </Employee>
  <Employee>
    <EmpId>66</EmpId>
    <EmpName>Chamundeshwari</EmpName>
    <EmpAddress>Mysore</EmpAddress>
    <EmpSalary>71232</EmpSalary>
    <DeptId>4</DeptId>
  </Employee>
  <Employee>
    <EmpId>67</EmpId>
    <EmpName>Nana Patekar</EmpName>
    <EmpAddress>Nagpur</EmpAddress>
    <EmpSalary>84338</EmpSalary>
    <DeptId>2</DeptId>
  </Employee>
  <Employee>
    <EmpId>68</EmpId>
    <EmpName>Chetan</EmpName>
    <EmpAddress>Kolar</EmpAddress>
    <EmpSalary>50000</EmpSalary>
    <DeptId>4</DeptId>
  </Employee>
  <Employee>
    <EmpId>69</EmpId>
    <EmpName>Ajit Rana</EmpName>
    <EmpAddress>Lucknow</EmpAddress>
    <EmpSalary>31639</EmpSalary>
    <DeptId>2</DeptId>
  </Employee>
  <Employee>
    <EmpId>70</EmpId>
    <EmpName>Samuel Muthusamy</EmpName>
    <EmpAddress>Chennai</EmpAddress>
    <EmpSalary>51021</EmpSalary>
    <DeptId>5</DeptId>
  </Employee>
  <Employee>
    <EmpId>71</EmpId>
    <EmpName>Anirdesh Pai</EmpName>
    <EmpAddress>Bangalore</EmpAddress>
    <EmpSalary>97197</EmpSalary>
    <DeptId>6</DeptId>
  </Employee>
  <Employee>
    <EmpId>72</EmpId>
    <EmpName>Samruth Agarwal</EmpName>
    <EmpAddress>Lucknow</EmpAddress>
    <EmpSalary>78317</EmpSalary>
    <DeptId>4</DeptId>
  </Employee>
  <Employee>
    <EmpId>73</EmpId>
    <EmpName>Sai Pallavi</EmpName>
    <EmpAddress>Vijayawada</EmpAddress>
    <EmpSalary>45353</EmpSalary>
    <DeptId>4</DeptId>
  </Employee>
  <Employee>
    <EmpId>74</EmpId>
    <EmpName>Samantha Ruth Prabhu</EmpName>
    <EmpAddress>Chennai</EmpAddress>
    <EmpSalary>97945</EmpSalary>
    <DeptId>2</DeptId>
  </Employee>
  <Employee>
    <EmpId>75</EmpId>
    <EmpName>Vijay Kutty</EmpName>
    <EmpAddress>Kochi</EmpAddress>
    <EmpSalary>59676</EmpSalary>
    <DeptId>2</DeptId>
  </Employee>
  <Employee>
    <EmpId>76</EmpId>
    <EmpName>Srikanth Reddy</EmpName>
    <EmpAddress>Hyderabad</EmpAddress>
    <EmpSalary>34943</EmpSalary>
    <DeptId>2</DeptId>
  </Employee>
  <Employee>
    <EmpId>77</EmpId>
    <EmpName>Balaji Pawar</EmpName>
    <EmpAddress>Nagpur</EmpAddress>
    <EmpSalary>61492</EmpSalary>
    <DeptId>4</DeptId>
  </Employee>
  <Employee>
    <EmpId>78</EmpId>
    <EmpName> Meenakshi</EmpName>
    <EmpAddress>Madurai</EmpAddress>
    <EmpSalary>65725</EmpSalary>
    <DeptId>6</DeptId>
  </Employee>
  <Employee>
    <EmpId>79</EmpId>
    <EmpName> Hunmanthappa</EmpName>
    <EmpAddress>Bangalore</EmpAddress>
    <EmpSalary>40574</EmpSalary>
    <DeptId>5</DeptId>
  </Employee>
  <Employee>
    <EmpId>80</EmpId>
    <EmpName> Nandeeshwaran</EmpName>
    <EmpAddress>Trichy</EmpAddress>
    <EmpSalary>17282</EmpSalary>
    <DeptId>3</DeptId>
  </Employee>
  <Employee>
    <EmpId>81</EmpId>
    <EmpName>Sundar Pichai</EmpName>
    <EmpAddress>Madurai</EmpAddress>
    <EmpSalary>59879</EmpSalary>
    <DeptId>5</DeptId>
  </Employee>
  <Employee>
    <EmpId>82</EmpId>
    <EmpName> Keshav Pandey</EmpName>
    <EmpAddress>Lucknow</EmpAddress>
    <EmpSalary>71022</EmpSalary>
    <DeptId>6</DeptId>
  </Employee>
  <Employee>
    <EmpId>83</EmpId>
    <EmpName> Lokanath Naidu</EmpName>
    <EmpAddress>Hyderabad</EmpAddress>
    <EmpSalary>43040</EmpSalary>
    <DeptId>1</DeptId>
  </Employee>
  <Employee>
    <EmpId>84</EmpId>
    <EmpName> Aliwardi Khan</EmpName>
    <EmpAddress>Lucknow</EmpAddress>
    <EmpSalary>25700</EmpSalary>
    <DeptId>2</DeptId>
  </Employee>
  <Employee>
    <EmpId>85</EmpId>
    <EmpName> Jayanth Hatawadi</EmpName>
    <EmpAddress>Dharwad</EmpAddress>
    <EmpSalary>86303</EmpSalary>
    <DeptId>4</DeptId>
  </Employee>
  <Employee>
    <EmpId>86</EmpId>
    <EmpName> Nagalakshmi Ammal</EmpName>
    <EmpAddress>Trichy</EmpAddress>
    <EmpSalary>81896</EmpSalary>
    <DeptId>5</DeptId>
  </Employee>
  <Employee>
    <EmpId>87</EmpId>
    <EmpName>Mohan Ghadkari</EmpName>
    <EmpAddress>Nagpur</EmpAddress>
    <EmpSalary>64917</EmpSalary>
    <DeptId>1</DeptId>
  </Employee>
  <Employee>
    <EmpId>88</EmpId>
    <EmpName>AK Antony</EmpName>
    <EmpAddress>Trivandrum</EmpAddress>
    <EmpSalary>18996</EmpSalary>
    <DeptId>6</DeptId>
  </Employee>
  <Employee>
    <EmpId>89</EmpId>
    <EmpName>Muthulakshmi</EmpName>
    <EmpAddress>Chennai</EmpAddress>
    <EmpSalary>81124</EmpSalary>
    <DeptId>3</DeptId>
  </Employee>
  <Employee>
    <EmpId>90</EmpId>
    <EmpName>Catharine Jones</EmpName>
    <EmpAddress>Pondy</EmpAddress>
    <EmpSalary>56196</EmpSalary>
    <DeptId>1</DeptId>
  </Employee>
  <Employee>
    <EmpId>91</EmpId>
    <EmpName>Sundaram</EmpName>
    <EmpAddress>Chennai</EmpAddress>
    <EmpSalary>19591</EmpSalary>
    <DeptId>5</DeptId>
  </Employee>
  <Employee>
    <EmpId>92</EmpId>
    <EmpName>Lokanatham</EmpName>
    <EmpAddress>Pondy</EmpAddress>
    <EmpSalary>74484</EmpSalary>
    <DeptId>6</DeptId>
  </Employee>
  <Employee>
    <EmpId>93</EmpId>
    <EmpName>Madhava Kumar</EmpName>
    <EmpAddress>Trivandrum</EmpAddress>
    <EmpSalary>38784</EmpSalary>
    <DeptId>6</DeptId>
  </Employee>
  <Employee>
    <EmpId>94</EmpId>
    <EmpName>Narayan Agarwal</EmpName>
    <EmpAddress>Lucknow</EmpAddress>
    <EmpSalary>19751</EmpSalary>
    <DeptId>3</DeptId>
  </Employee>
  <Employee>
    <EmpId>95</EmpId>
    <EmpName>Jayakumar</EmpName>
    <EmpAddress>Mangalore</EmpAddress>
    <EmpSalary>53979</EmpSalary>
    <DeptId>6</DeptId>
  </Employee>
  <Employee>
    <EmpId>96</EmpId>
    <EmpName> Mohanlal</EmpName>
    <EmpAddress>Trivandrum</EmpAddress>
    <EmpSalary>83372</EmpSalary>
    <DeptId>3</DeptId>
  </Employee>
  <Employee>
    <EmpId>97</EmpId>
    <EmpName>Mahesh Manjrekar</EmpName>
    <EmpAddress>Mumbai</EmpAddress>
    <EmpSalary>70985</EmpSalary>
    <DeptId>6</DeptId>
  </Employee>
  <Employee>
    <EmpId>98</EmpId>
    <EmpName>Govind Nilhani</EmpName>
    <EmpAddress>Lucknow</EmpAddress>
    <EmpSalary>89891</EmpSalary>
    <DeptId>3</DeptId>
  </Employee>
  <Employee>
    <EmpId>99</EmpId>
    <EmpName>Madhusudhan</EmpName>
    <EmpAddress>Trivandrum</EmpAddress>
    <EmpSalary>54104</EmpSalary>
    <DeptId>6</DeptId>
  </Employee>
  <Employee>
    <EmpId>100</EmpId>
    <EmpName>Venugopal</EmpName>
    <EmpAddress>Mysore</EmpAddress>
    <EmpSalary>53389</EmpSalary>
    <DeptId>1</DeptId>
  </Employee>
  <Employee>
    <EmpId>101</EmpId>
    <EmpName>Pannerselvan</EmpName>
    <EmpAddress>Madurai</EmpAddress>
    <EmpSalary>88084</EmpSalary>
    <DeptId>5</DeptId>
  </Employee>
  <Employee>
    <EmpId>102</EmpId>
    <EmpName>Mallikarjun</EmpName>
    <EmpAddress>Gulbarga</EmpAddress>
    <EmpSalary>60000</EmpSalary>
    <DeptId>4</DeptId>
  </Employee>
  <Employee>
    <EmpId>103</EmpId>
    <EmpName>Phaniraj</EmpName>
    <EmpAddress>Bangalore</EmpAddress>
    <EmpSalary>50000</EmpSalary>
    <DeptId>4</DeptId>
  </Employee>
</Employees>